Nombre,Categoria
"Acedía granizada","PESCADOS"
"Adobo de cazón en cubo","PESCADOS"
"Anillas de calamar","PESCADOS"
"Bacalao lomo centro","PESCADOS"
"Bacalao lomo icelandic","PESCADOS"
"Bacalao lomo salado","PESCADOS"
"Barriga atún congelada al vacío","PESCADOS"
"Boquerones griegos","PESCADOS"
"Brochetas sepia","PESCADOS"
"Caballas congeladas","PESCADOS"
"Caella entera limpia taco","PESCADOS"
"Calamar 1x6kg","PESCADOS"
"Calamar limpio 20/40","PESCADOS"
"Calamar patagónico bloque","PESCADOS"
"Calamar troceado","PESCADOS"
"Cariocas","PESCADOS"
"Chanquetes chino","PESCADOS"
"Choco en tiras","PESCADOS"
"Choco fresco","PESCADOS"
"Choco limpio 13/20p","PESCADOS"
"Cocochas bacalao","PESCADOS"
"Delicias del mar","PESCADOS"
"Delicias del mar cortadas","PESCADOS"
"Desmigado bacalao congelado","PESCADOS"
"Filete araña","PESCADOS"
"Filete atún","PESCADOS"
"Filete caballa","PESCADOS"
"Filete caella","PESCADOS"
"Filete corvina","PESCADOS"
"Filete de bacalao","PESCADOS"
"Filete de dorada","PESCADOS"
"Filete de gallineta","PESCADOS"
"Filete de gallo","PESCADOS"
"Filete de lubina","PESCADOS"
"Filete de marrajo","PESCADOS"
"Filete de merluza nacional","PESCADOS"
"Filete de merluza nacional argentino","PESCADOS"
"Filete de palmeta","PESCADOS"
"Filete de panga","PESCADOS"
"Filete de panga","PESCADOS"
"Filete de perca","PESCADOS"
"Filete de pez espada","PESCADOS"
"Filete de rosada sin piel","PESCADOS"
"Filete de salmón","PESCADOS"
"Filete de salmón salar","PESCADOS"
"Filete de salmonete","PESCADOS"
"Filete de sardina","PESCADOS"
"Filete de tilapia","PESCADOS"
"Filete fogonero bloque","PESCADOS"
"Filete fogonero punto sal","PESCADOS"
"Filete gallineta","PESCADOS"
"Filete lenguado","PESCADOS"
"Filete limanda con piel","PESCADOS"
"Filete mahi-mahi con piel","PESCADOS"
"Frutos del mar","PESCADOS"
"Gulas bandeja","PESCADOS"
"Hueva de bacalao","PESCADOS"
"Hueva de merluza","PESCADOS"
"Huevas bacalao cocidas","PESCADOS"
"Huevos de choco","PESCADOS"
"Lenguadina","PESCADOS"
"Lomo de atún congelado","PESCADOS"
"Lomo de corvina extra","PESCADOS"
"Lomo de halibut sin piel","PESCADOS"
"Lomo de merlín sin piel","PESCADOS"
"Lomos de merluza","PESCADOS"
"Manto de pota","PESCADOS"
"Medallón de salmón","PESCADOS"
"Merluza entera envuelta 3L","PESCADOS"
"Patas de pulpo cocidas","PESCADOS"
"Peludas","PESCADOS"
"Pulpo cocido entero","PESCADOS"
"Pulpo cocido troceado","PESCADOS"
"Pulpo t-1","PESCADOS"
"Puntilla de marruecos","PESCADOS"
"Puntillita china","PESCADOS"
"Rape chino","PESCADOS"
"Rape Gran Sol","PESCADOS"
"Raya limpia","PESCADOS"
"Recortes de atún","PESCADOS"
"Rejos de calamar","PESCADOS"
"Rodaja rosada","PESCADOS"
"Rodajas de merluza nº3","PESCADOS"
"Rodajas de merluza nº5","PESCADOS"
"Salpicón de marisco","PESCADOS"
"Sardinas congeladas","PESCADOS"
"Solomillo de atún","PESCADOS"
"Surimi de langosta","PESCADOS"
"Taco pez espada centro","PESCADOS"
"Taquitos de atún","PESCADOS"
"Taquitos de caella","PESCADOS"
"Taquitos de pez espada","PESCADOS"
"Tira de calamar","PESCADOS"
"Tubo de calamar","PESCADOS"
"Almejas blancas","MARISCOS, MOLUSCOS Y BIVALVOS"
"Almejas marrón","MARISCOS, MOLUSCOS Y BIVALVOS"
"Bocas de cangrejo L, M y XL","MARISCOS, MOLUSCOS Y BIVALVOS"
"Bogavante ","MARISCOS, MOLUSCOS Y BIVALVOS"
"Brillantes extra","MARISCOS, MOLUSCOS Y BIVALVOS"
"Buey de mar","MARISCOS, MOLUSCOS Y BIVALVOS"
"Camarón cocido","MARISCOS, MOLUSCOS Y BIVALVOS"
"Cangrejo cocido","MARISCOS, MOLUSCOS Y BIVALVOS"
"Carabineros","MARISCOS, MOLUSCOS Y BIVALVOS"
"Carne de vieira","MARISCOS, MOLUSCOS Y BIVALVOS"
"Cigala de arroz","MARISCOS, MOLUSCOS Y BIVALVOS"
"Cigala nº1","MARISCOS, MOLUSCOS Y BIVALVOS"
"Cola de gambas","MARISCOS, MOLUSCOS Y BIVALVOS"
"Cola de gambón pelada","MARISCOS, MOLUSCOS Y BIVALVOS"
"Colas de gambón","MARISCOS, MOLUSCOS Y BIVALVOS"
"Colas de langostino bloque","MARISCOS, MOLUSCOS Y BIVALVOS"
"Colas de langostino peladas","MARISCOS, MOLUSCOS Y BIVALVOS"
"Coquinas congeladas","MARISCOS, MOLUSCOS Y BIVALVOS"
"Gambas","MARISCOS, MOLUSCOS Y BIVALVOS"
"Gambas arrocera","MARISCOS, MOLUSCOS Y BIVALVOS"
"Gambas blancas ","MARISCOS, MOLUSCOS Y BIVALVOS"
"Gambas de cristal","MARISCOS, MOLUSCOS Y BIVALVOS"
"Gambas peladas","MARISCOS, MOLUSCOS Y BIVALVOS"
"Gambón n°1 n°2","MARISCOS, MOLUSCOS Y BIVALVOS"
"Langosta","MARISCOS, MOLUSCOS Y BIVALVOS"
"Langostino 40/60","MARISCOS, MOLUSCOS Y BIVALVOS"
"Langostino tigre","MARISCOS, MOLUSCOS Y BIVALVOS"
"Langostinos cocidos","MARISCOS, MOLUSCOS Y BIVALVOS"
"Mejillón doble concha gallego","MARISCOS, MOLUSCOS Y BIVALVOS"
"Mejillón jugosón gallego","MARISCOS, MOLUSCOS Y BIVALVOS"
"Mejillón media concha gallego","MARISCOS, MOLUSCOS Y BIVALVOS"
"Mejillón Nueva Zelanda","MARISCOS, MOLUSCOS Y BIVALVOS"
"Mejillones sin concha","MARISCOS, MOLUSCOS Y BIVALVOS"
"Navajas","MARISCOS, MOLUSCOS Y BIVALVOS"
"Nécora cocida","MARISCOS, MOLUSCOS Y BIVALVOS"
"Patas cangrejo XL","MARISCOS, MOLUSCOS Y BIVALVOS"
"Vieiras 20/30 media concha","MARISCOS, MOLUSCOS Y BIVALVOS"
"Vieiras 4/6 doble concha","MARISCOS, MOLUSCOS Y BIVALVOS"
"Zamburiñas","MARISCOS, MOLUSCOS Y BIVALVOS"
"Abanico ibérico","CARNES"
"Alas de pollo","CARNES"
"Albóndigas de carrillera de cerdo","CARNES"
"Albóndigas de pollo","CARNES"
"Albóndigas mixtas","CARNES"
"Alitas de pollo barbacoa","CARNES"
"Babilla de ternera","CARNES"
"Bistec de añojo","CARNES"
"Brocheta de pollo","CARNES"
"Brocheta de pollo yakitori","CARNES"
"Cabeza de lomo","CARNES"
"Carne picada","CARNES"
"Carrillera de cerdo","CARNES"
"Carrillera ibérica","CARNES"
"Chuleta centro congelada","CARNES"
"Chuleta de pavo al ajillo","CARNES"
"Churrasco de cerdo","CARNES"
"Churrasco de pollo","CARNES"
"Cinta de lomo cortada","CARNES"
"Cinta de lomo entera congelada","CARNES"
"Cinta de lomo entera fresca","CARNES"
"Codillos sin piel","CARNES"
"Codornices","CARNES"
"Conejo con cabeza","CARNES"
"Costilla cerdo barbacoa","CARNES"
"Costilla cerdo congelada","CARNES"
"Entrecot de ternera","CARNES"
"Estofado de cerdo","CARNES"
"Estofado de ciervo","CARNES"
"Estofado de ternera","CARNES"
"Filete de ternera","CARNES"
"Fricando ternera cortada","CARNES"
"Hamburguesa de pollo","CARNES"
"Hamburguesa de tenera","CARNES"
"Hamburguesa de vacuno 180g","CARNES"
"Hamburguesa mini pollo","CARNES"
"Hamburguesa mixtas","CARNES"
"Hamburguesas retinto 3'2kg","CARNES"
"Jamoncito de pavo","CARNES"
"Jamoncito de pollo","CARNES"
"Kebab de pollo","CARNES"
"Lagarto de cerdo duroc","CARNES"
"Manitas cerdo cortadas congeladas","CARNES"
"Medallones de carrillera","CARNES"
"Muslos deshuesados frescos sin piel","CARNES"
"Osobuco de cerdo cortado","CARNES"
"Paletilla de cordero sin hueso","CARNES"
"Patos congelados","CARNES"
"Pechuga de pavo congelada","CARNES"
"Pechuga limpia","CARNES"
"Pechuga pavo fresca","CARNES"
"Pinchos de cerdo","CARNES"
"Pinchos de pollo","CARNES"
"Pluma ibérica","CARNES"
"Pollo entero","CARNES"
"Presa paleta ibérica","CARNES"
"Rabo de toro cortado","CARNES"
"Ragut pavo al ajillo","CARNES"
"Redondo de ternera","CARNES"
"Roti de ave","CARNES"
"Salchichas crudas","CARNES"
"Salchichas frescas","CARNES"
"Secreto de cerdo duroc","CARNES"
"Solomillo de cerdo","CARNES"
"Solomillo de pollo","CARNES"
"Solomillo ibérico","CARNES"
"Trasero de pollo","CARNES"
"Adobo harinado 1x6kg","PRECOCINADOS"
"Alas de pollo adobadas","PRECOCINADOS"
"Albóndigas de choco","PRECOCINADOS"
"Albóndigas de merluza y calamar","PRECOCINADOS"
"Alcachofa rebozada","PRECOCINADOS"
"Aros de cebolla empanados","PRECOCINADOS"
"Bacalao a bras","PRECOCINADOS"
"Bacalao rebozado","PRECOCINADOS"
"Berenjenas rebozadas","PRECOCINADOS"
"Bites de gouda","PRECOCINADOS"
"Bocadito de marisco","PRECOCINADOS"
"Bocadito de queso","PRECOCINADOS"
"Bocadito de rosada","PRECOCINADOS"
"Bombas mexicanas","PRECOCINADOS"
"Boquerón en tempura","PRECOCINADOS"
"Brócoli rebozado","PRECOCINADOS"
"Buñuelos de bacalao","PRECOCINADOS"
"Buñuelos de marisco","PRECOCINADOS"
"Calabacín rebozado","PRECOCINADOS"
"Calamar relleno","PRECOCINADOS"
"Calamar romana","PRECOCINADOS"
"Capricho de calamar","PRECOCINADOS"
"Cheddar sticks","PRECOCINADOS"
"Cheese rings","PRECOCINADOS"
"Coliflor rebozada","PRECOCINADOS"
"Cordon bleu","PRECOCINADOS"
"Croquetas de arroz negro con alioli","PRECOCINADOS"
"Croquetas de atún mechado","PRECOCINADOS"
"Croquetas de bacalao","PRECOCINADOS"
"Croquetas de bacalao brandada","PRECOCINADOS"
"Croquetas de bogavante","PRECOCINADOS"
"Croquetas de cabrales y nueces","PRECOCINADOS"
"Croquetas de carabineros","PRECOCINADOS"
"Croquetas de chipirón a la tinta","PRECOCINADOS"
"Croquetas de cocido","PRECOCINADOS"
"Croquetas de espinacas","PRECOCINADOS"
"Croquetas de gambas al ajillo","PRECOCINADOS"
"Croquetas de gambón","PRECOCINADOS"
"Croquetas de jamón","PRECOCINADOS"
"Croquetas de jamón ibérico","PRECOCINADOS"
"Croquetas de marisco","PRECOCINADOS"
"Croquetas de merluza con gambas","PRECOCINADOS"
"Croquetas de pollo","PRECOCINADOS"
"Croquetas de pulpo gallega","PRECOCINADOS"
"Croquetas de rabo vacuno","PRECOCINADOS"
"Croquetas de secreto con miel","PRECOCINADOS"
"Croquetas de setas","PRECOCINADOS"
"Croquetas de tortilla","PRECOCINADOS"
"Crujiburguer de espinacas","PRECOCINADOS"
"Crujiburguer de falafel","PRECOCINADOS"
"Crujiburguer de pollo","PRECOCINADOS"
"Crujiburguer de zanahoria","PRECOCINADOS"
"Crujientes de langostino","PRECOCINADOS"
"Cuadrelli de ricota, anchoa y espinacas","PRECOCINADOS"
"Dátiles con bacon","PRECOCINADOS"
"Empanadas de atún plancha","PRECOCINADOS"
"Filete de cerdo empanado","PRECOCINADOS"
"Filete de merluza empanada","PRECOCINADOS"
"Filete de merluza rebozado","PRECOCINADOS"
"Filete ruso","PRECOCINADOS"
"Finger de mozzarella","PRECOCINADOS"
"Finger pollo crujiente","PRECOCINADOS"
"Finger pollo marinado","PRECOCINADOS"
"Flamenquín de ave","PRECOCINADOS"
"Flamenquín de york","PRECOCINADOS"
"Focaccia con cebolla","PRECOCINADOS"
"Gambas rebozadas de ajo y perejil","PRECOCINADOS"
"Gyoza de pollo","PRECOCINADOS"
"Gyoza de ternera","PRECOCINADOS"
"Hamburguesas de atún","PRECOCINADOS"
"Hamburguesas de choco","PRECOCINADOS"
"Huevo con bechamel","PRECOCINADOS"
"Lagrimitas de pollo","PRECOCINADOS"
"Mejillón relleno casero","PRECOCINADOS"
"Mini croquetas de jamón","PRECOCINADOS"
"Mini croquetas de rabo toro","PRECOCINADOS"
"Mini croquetas de setas","PRECOCINADOS"
"Mini croquetas ibérico","PRECOCINADOS"
"Mini empanadillas","PRECOCINADOS"
"Mini empanadillas de cochinillo","PRECOCINADOS"
"Mini flamenquín","PRECOCINADOS"
"Mini san jacobo","PRECOCINADOS"
"Muslito del mar","PRECOCINADOS"
"Nuggets de pescado","PRECOCINADOS"
"Nuggets de pollo","PRECOCINADOS"
"Palitos de pescado","PRECOCINADOS"
"Palomitas de pollo","PRECOCINADOS"
"Pavía de merluza","PRECOCINADOS"
"Pechuga empanada","PRECOCINADOS"
"Pechuga empanada rellena de jamón y pimiento","PRECOCINADOS"
"Peskitos de merluza","PRECOCINADOS"
"Pimiento piquillos rellenos de bacalao","PRECOCINADOS"
"Pimientos rebozados","PRECOCINADOS"
"Pollo empanado","PRECOCINADOS"
"Pollo estilo Kentucky","PRECOCINADOS"
"Rodaja merluza empanada","PRECOCINADOS"
"Tiras de choco empanada","PRECOCINADOS"
"Tortilla camarones","PRECOCINADOS"
"Tortilla de patata","PRECOCINADOS"
"Tortilla francesa","PRECOCINADOS"
"Tortilla francesa con atún","PRECOCINADOS"
"Tortilla para plancha 750g","PRECOCINADOS"
"Tortillón 800g","PRECOCINADOS"
"Tortillón con atún 800g","PRECOCINADOS"
"Tortillón con calabacín 800g","PRECOCINADOS"
"Tortillón con chorizo 800g","PRECOCINADOS"
"Tortillón con espinacas 800g","PRECOCINADOS"
"Tortillón con pimientos 800g","PRECOCINADOS"
"Tortillón de patatas con cebolla 1'5kg","PRECOCINADOS"
"Twister de langostino","PRECOCINADOS"
"Varitas de pescado","PRECOCINADOS"
"Verdura en tempura","PRECOCINADOS"
"Acelgas 15g","VERDURAS"
"Ajo verde troceado","VERDURAS"
"Ajos picados","VERDURAS"
"Alcachofas","VERDURAS"
"Algas de wakame","VERDURAS"
"Berenjena cubo","VERDURAS"
"Boletus edulis","VERDURAS"
"Brocoli","VERDURAS"
"Calabacín en dados","VERDURAS"
"Calabaza en dados","VERDURAS"
"Cebolla cubo","VERDURAS"
"Cebollitas perla","VERDURAS"
"Champiñón laminado","VERDURAS"
"Champiñones enteros","VERDURAS"
"Coles de bruselas","VERDURAS"
"Coliflor","VERDURAS"
"Espárragos troceados","VERDURAS"
"Espárragos verdes gordos","VERDURAS"
"Espinacas porciones","VERDURAS"
"Fondo de alcachofas","VERDURAS"
"Garrafón","VERDURAS"
"Guisantes","VERDURAS"
"Habas gordas","VERDURAS"
"Habas pequeñas","VERDURAS"
"Habas pequeñas","VERDURAS"
"Habas super baby","VERDURAS"
"Judías extra finas enteras","VERDURAS"
"Judías planas","VERDURAS"
"Judías redondas","VERDURAS"
"Maíz dulce","VERDURAS"
"Menestra imperial","VERDURAS"
"Menestra normal","VERDURAS"
"Mezcla china","VERDURAS"
"Mezcla de setas","VERDURAS"
"Pimiento rojo en cubo","VERDURAS"
"Pimiento tricolor tiras","VERDURAS"
"Pimientos verde en cubo","VERDURAS"
"Pisto asado","VERDURAS"
"Pisto ratatouille","VERDURAS"
"Puerro troceado","VERDURAS"
"Setas del bosque","VERDURAS"
"Zanahorias baby","VERDURAS"
"Zanahorias cubo","VERDURAS"
"Zanahorias parisinas","VERDURAS"
"Zanahorias rodaja","VERDURAS"
"Arroz tres delicias","PREPARADOS CON VERDURAS"
"Ensalada china","PREPARADOS CON VERDURAS"
"Ensalada de arroz","PREPARADOS CON VERDURAS"
"Ensaladilla","PREPARADOS CON VERDURAS"
"Ensaladilla alemana","PREPARADOS CON VERDURAS"
"Ensaladilla americana","PREPARADOS CON VERDURAS"
"Ensaladilla con patatas ali-oli","PREPARADOS CON VERDURAS"
"Ensaladilla de cangrejo","PREPARADOS CON VERDURAS"
"Ensaladilla de cangrejo con mango y piña","PREPARADOS CON VERDURAS"
"Ensaladilla de cangrejo sin piña","PREPARADOS CON VERDURAS"
"Ensaladilla de pasta con salsa rosa","PREPARADOS CON VERDURAS"
"Ensaladilla de pollo","PREPARADOS CON VERDURAS"
"Ensaladilla de puerro","PREPARADOS CON VERDURAS"
"Ensaladilla italiana","PREPARADOS CON VERDURAS"
"Ensaladilla rusa","PREPARADOS CON VERDURAS"
"Ensaladilla rusa gourmet","PREPARADOS CON VERDURAS"
"Ensaladilla rusa sin atun","PREPARADOS CON VERDURAS"
"Ensaladilla waldorf","PREPARADOS CON VERDURAS"
"Guarnición de verduras","PREPARADOS CON VERDURAS"
"Parrillada de verduras","PREPARADOS CON VERDURAS"
"Revuelto de gambas, ajetes y trigueros","PREPARADOS CON VERDURAS"
"Revuelto de setas, champiñones y gambas","PREPARADOS CON VERDURAS"
"Salteado campero","PREPARADOS CON VERDURAS"
"Salteado campestre","PREPARADOS CON VERDURAS"
"Salteado clásico","PREPARADOS CON VERDURAS"
"Salteado de granja con pollo","PREPARADOS CON VERDURAS"
"Salteado mediterráneo","PREPARADOS CON VERDURAS"
"Salteado montañés","PREPARADOS CON VERDURAS"
"Salteado thai","PREPARADOS CON VERDURAS"
"Sofrito","PREPARADOS CON VERDURAS"
"Sopa de verduras","PREPARADOS CON VERDURAS"
"Anchoa en aceite","AHUMADOS"
"Arenque ahumado","AHUMADOS"
"Atún ahumado","AHUMADOS"
"Bacalao ahumado","AHUMADOS"
"Boquerón en vinagre","AHUMADOS"
"Huevas de lumpo negras","AHUMADOS"
"Huevas de lumpo rojas","AHUMADOS"
"Mojama extra","AHUMADOS"
"Palometa ahumada","AHUMADOS"
"Salmón ahumado","AHUMADOS"
"Sardinas barriquetes","AHUMADOS"
"Bacon ahumado","EMBUTIDOS"
"Bacon loncheado","EMBUTIDOS"
"Butifarra cruda","EMBUTIDOS"
"Callos","EMBUTIDOS"
"Chistorras","EMBUTIDOS"
"Chopped pork","EMBUTIDOS"
"Chorizo barbacoa","EMBUTIDOS"
"Chorizo criollo","EMBUTIDOS"
"Chorizo extra","EMBUTIDOS"
"Chorizo vela","EMBUTIDOS"
"Fiambre de lomo al horno","EMBUTIDOS"
"Fiambre de magreta cocida","EMBUTIDOS"
"Fiambre de magro","EMBUTIDOS"
"Jamón cocido extra","EMBUTIDOS"
"Jamón curado deshuesado","EMBUTIDOS"
"Lomo adobado","EMBUTIDOS"
"Lomo Sajonia","EMBUTIDOS"
"Mortadela con aceitunas","EMBUTIDOS"
"Mortadela de cebolla","EMBUTIDOS"
"Mortadela siliciana","EMBUTIDOS"
"Paleta de york para sandwich","EMBUTIDOS"
"Paté (consultar sabores)","EMBUTIDOS"
"Pechuga de pavo en barra","EMBUTIDOS"
"Salami extra","EMBUTIDOS"
"Salchichón","EMBUTIDOS"
"Salchichón extra","EMBUTIDOS"
"Aceitunas verdes partidas","ENCURTIDOS"
"Alcaparras","ENCURTIDOS"
"Banderillas picante","ENCURTIDOS"
"Cebollitas en cubo","ENCURTIDOS"
"Pepinillos","ENCURTIDOS"
"Variantes de revuelto","ENCURTIDOS"
"Aceite alto oleico","PRODUCTOS NO PERECEDEROS"
"Aceite girasol","PRODUCTOS NO PERECEDEROS"
"Aceite oliva","PRODUCTOS NO PERECEDEROS"
"Aceite suave","PRODUCTOS NO PERECEDEROS"
"Alcachofa corazones en lata","PRODUCTOS NO PERECEDEROS"
"Alcachofa troceada en lata","PRODUCTOS NO PERECEDEROS"
"Alubia","PRODUCTOS NO PERECEDEROS"
"Arroz redondo","PRODUCTOS NO PERECEDEROS"
"Arroz vaporizado","PRODUCTOS NO PERECEDEROS"
"Atún girasol en lata","PRODUCTOS NO PERECEDEROS"
"Brotes de soja","PRODUCTOS NO PERECEDEROS"
"Caballa en lata","PRODUCTOS NO PERECEDEROS"
"Champiñón laminados en lata","PRODUCTOS NO PERECEDEROS"
"Crema balsámica de módena","PRODUCTOS NO PERECEDEROS"
"Espagueti","PRODUCTOS NO PERECEDEROS"
"Espárrago extra","PRODUCTOS NO PERECEDEROS"
"Espirales de colores","PRODUCTOS NO PERECEDEROS"
"Fideos","PRODUCTOS NO PERECEDEROS"
"Fideuá","PRODUCTOS NO PERECEDEROS"
"Garbanzos cocidos en lata","PRODUCTOS NO PERECEDEROS"
"Garbanzos en manteca","PRODUCTOS NO PERECEDEROS"
"Harina de freír","PRODUCTOS NO PERECEDEROS"
"Lentejas en lata","PRODUCTOS NO PERECEDEROS"
"Lentejas pardinas","PRODUCTOS NO PERECEDEROS"
"Macarrones","PRODUCTOS NO PERECEDEROS"
"Maíz dulce en lata","PRODUCTOS NO PERECEDEROS"
"Melocotón en almíbar","PRODUCTOS NO PERECEDEROS"
"Melva en aceite de girasol","PRODUCTOS NO PERECEDEROS"
"Miel en cubo","PRODUCTOS NO PERECEDEROS"
"Pasta en forma de tiburones/coditos","PRODUCTOS NO PERECEDEROS"
"Peras en almíbar mitades","PRODUCTOS NO PERECEDEROS"
"Pimientos asados","PRODUCTOS NO PERECEDEROS"
"Pimientos piquillo enteros en lata","PRODUCTOS NO PERECEDEROS"
"Pimientos tiras en lata","PRODUCTOS NO PERECEDEROS"
"Piña en almíbar","PRODUCTOS NO PERECEDEROS"
"Remolacha rallada","PRODUCTOS NO PERECEDEROS"
"Remolacha roja rodaja","PRODUCTOS NO PERECEDEROS"
"Sardinas en lata","PRODUCTOS NO PERECEDEROS"
"Tallarines","PRODUCTOS NO PERECEDEROS"
"Tallos de espárrago","PRODUCTOS NO PERECEDEROS"
"Tomate entero sin piel","PRODUCTOS NO PERECEDEROS"
"Tomate frito en lata","PRODUCTOS NO PERECEDEROS"
"Tomate triturado","PRODUCTOS NO PERECEDEROS"
"Tomate troceado","PRODUCTOS NO PERECEDEROS"
"Ventresca de atún en aceite","PRODUCTOS NO PERECEDEROS"
"Vino blanco en brik","PRODUCTOS NO PERECEDEROS"
"Burritos de chili y carne","TEMÁTICOS"
"Canelones de atún","TEMÁTICOS"
"Canelones de carne","TEMÁTICOS"
"Canelones de espinacas","TEMÁTICOS"
"Enchiladas mexicanas","TEMÁTICOS"
"Lasaña de atún","TEMÁTICOS"
"Lasaña de carne","TEMÁTICOS"
"Lasaña vegetal","TEMÁTICOS"
"Mini burritos","TEMÁTICOS"
"Mini rollito primavera","TEMÁTICOS"
"Moussaka","TEMÁTICOS"
"Mozzarella sticks con jalapeño","TEMÁTICOS"
"Nachos mexicanos","TEMÁTICOS"
"Nuggets de cheddar con jalapeño","TEMÁTICOS"
"Nuggets de chili y cheddar","TEMÁTICOS"
"Palitos de mozzarella","TEMÁTICOS"
"Quesadilla de jamón","TEMÁTICOS"
"Ravioli de boletus","TEMÁTICOS"
"Ravioli de ricota y espinacas","TEMÁTICOS"
"Rollitos de primavera","TEMÁTICOS"
"Tacos de pollo","TEMÁTICOS"
"Tortellini cuatro quesos","TEMÁTICOS"
"Tortellini de carne","TEMÁTICOS"
"Tortellini de ricotta y espinaca","TEMÁTICOS"
"Tortellini de york y queso","TEMÁTICOS"
"Baguetes especiales (consultar tipos)","PREPARADOS Y PIZZAS"
"Base para pizza","PREPARADOS Y PIZZAS"
"Base para pizza con tomate","PREPARADOS Y PIZZAS"
"Bocapizzas","PREPARADOS Y PIZZAS"
"Paninis de jamón york","PREPARADOS Y PIZZAS"
"Pizza margarita cuadrada para catering","PREPARADOS Y PIZZAS"
"Pizzas cuadradas","PREPARADOS Y PIZZAS"
"Pizzas redondas","PREPARADOS Y PIZZAS"
"Sushi variado","PREPARADOS Y PIZZAS"
"Nata culinaria brik","NATA"
"Nata en spray","NATA"
"Base de pizza sin gluten","SIN GLUTEN"
"Canelones sin gluten","SIN GLUTEN"
"Churros sin gluten","SIN GLUTEN"
"Empanadillas sin gluten","SIN GLUTEN"
"Lasaña de carne sin gluten","SIN GLUTEN"
"Nuggets de pollo sin gluten","SIN GLUTEN"
"Pizzas sin gluten","SIN GLUTEN"
"Clara de huevo brik","HUEVOS"
"Huevo líquido","HUEVOS"
"Huevos cocidos pelados","HUEVOS"
"Huevos morenos tamaño M","HUEVOS"
"Queso en barra gourmet","QUESOS"
"Queso feta","QUESOS"
"Queso fresco burgos","QUESOS"
"Queso mes curado","QUESOS"
"Queso mozzarella","QUESOS"
"Queso rodez","QUESOS"
"Queso semicurado","QUESOS"
"Rulo de cabra riblaire","QUESOS"
"Aceite de oliva en sobres","MONODOSIS"
"Kétchup en sobres","MONODOSIS"
"Mayonesa en sobres","MONODOSIS"
"Miel en porciones","MONODOSIS"
"Paté iberitos","MONODOSIS"
"Salsa ali-oli en sobres","MONODOSIS"
"Salsa barbacoa en sobres","MONODOSIS"
"Solecitos","MONODOSIS"
"Vinagre en sobres","MONODOSIS"
"Guacamole","SALSAS"
"Kétchup","SALSAS"
"Kétchup bidón con dosificador","SALSAS"
"Mayonesa","SALSAS"
"Mayonesa bidón con dosificador","SALSAS"
"Mayonesa campera","SALSAS"
"Mayonesa ligera","SALSAS"
"Mostaza","SALSAS"
"Mostaza bidón con dosificador","SALSAS"
"Salsa ali-oli","SALSAS"
"Salsa barbacoa","SALSAS"
"Salsa barbacoa bidón con dosificador","SALSAS"
"Salsa brava","SALSAS"
"Salsa brava","SALSAS"
"Salsa césar","SALSAS"
"Salsa cheddar","SALSAS"
"Salsa cocktail","SALSAS"
"Salsa de yogurt","SALSAS"
"Salsa kebab","SALSAS"
"Salsa ranchera","SALSAS"
"Salsa soja","SALSAS"
"Salsa taco","SALSAS"
"Salsa tártara","SALSAS"
"Vinagre balsámico de módena","SALSAS"
"Vinagreta","SALSAS"
"Bocadito de patata","PATATAS"
"Gnocchi de patata","PATATAS"
"Gratinado de patatas","PATATAS"
"Patata duquesa","PATATAS"
"Patatas bravas","PATATAS"
"Patatas caseras","PATATAS"
"Patatas dado","PATATAS"
"Patatas dippers","PATATAS"
"Patatas dólar","PATATAS"
"Patatas extra finas","PATATAS"
"Patatas gajo con piel","PATATAS"
"Patatas gajo sazonada","PATATAS"
"Patatas julienne","PATATAS"
"Patatas mammy","PATATAS"
"Patatas parisinas","PATATAS"
"Patatas rellenas","PATATAS"
"Patatas rosti","PATATAS"
"Patatas sonrisa","PATATAS"
"Patatas surecrisp","PATATAS"
"Bechamel","PREPARADOS POSTRES"
"Cheesecake","PREPARADOS POSTRES"
"Crema pastelera","PREPARADOS POSTRES"
"Cremoso (consultar sabores)","PREPARADOS POSTRES"
"Cuajada","PREPARADOS POSTRES"
"Flan (consultar sabores)","PREPARADOS POSTRES"
"Gelatina","PREPARADOS POSTRES"
"Gelatina diet","PREPARADOS POSTRES"
"Mousse ","PREPARADOS POSTRES"
"Natillas","PREPARADOS POSTRES"
"Panna cotta de nata","PREPARADOS POSTRES"
"Semifrio","PREPARADOS POSTRES"
"Sirope (consultar sabores)","PREPARADOS POSTRES"
"Tocino de cielo","PREPARADOS POSTRES"
"Yogupur","PREPARADOS POSTRES"
"Bolos portugueses","REPOSTERÍA"
"Brazo de gitano","REPOSTERÍA"
"Brigadeiros de chocolate","REPOSTERÍA"
"Churros lazo","REPOSTERÍA"
"Gofres belgas","REPOSTERÍA"
"Grande delicia (consultar sabores)","REPOSTERÍA"
"Leche frita","REPOSTERÍA"
"Masa de hojaldre","REPOSTERÍA"
"Mini crepes rellenos de cacao","REPOSTERÍA"
"Mini crepes rellenos de manzana","REPOSTERÍA"
"Muerte por chocolate","REPOSTERÍA"
"Pastel de nata","REPOSTERÍA"
"Profiteroles de nata","REPOSTERÍA"
"Profiteroles de trufa","REPOSTERÍA"
"Tartas cuadradas 32/64 raciones","REPOSTERÍA"
"Tartas redondas 10/12 raciones","REPOSTERÍA"
"Yogur en cubo","REPOSTERÍA"
"Arándanos rojos","FRUTAS"
"Cerezas","FRUTAS"
"Dados de aguacate","FRUTAS"
"Dados de mango","FRUTAS"
"Frambuesas","FRUTAS"
"Fresas","FRUTAS"
"Frutos del bosque","FRUTAS"
"Grosellas","FRUTAS"
"Mango en cubo","FRUTAS"
"Moras","FRUTAS"
"Papayas en cubo","FRUTAS"
"Piña en cubo","FRUTAS"
